{
  "version": 1,
  "name": "style-json-example",
  "sources": {
    "population": {
      "type": "vector",
      "url": "mapbox://mapbox.660ui7x6"
    },
    "overlay": {
      "type": "image",
      "url": "https://upload.wikimedia.org/wikipedia/commons/7/7c/201408_cat.png",
      "coordinates": [
        [-80.425, 46.437],
        [-71.516, 46.437],
        [-71.516, 37.936],
        [-80.425, 37.936]
      ]
    }
  },
  "layers": [
    {
      "id": "state-population",
      "source": "population",
      "source-layer": "state_county_population_2014_cen",
      "type": "fill",
      "maxzoom": 4,
      "filter": ["==", "isState", true],
      "paint": {
        "fill-opacity": 0.75,
        "fill-color": [
          "interpolate",
          ["linear"],
          ["get", "population"],
          0,
          "#32E8CB",
          500000,
          "#2DD2B4",
          750000,
          "#27BB9E",
          1000000,
          "#22A587",
          2500000,
          "#1C8E71",
          5000000,
          "#16775A",
          7500000,
          "#116144",
          10000000,
          "#0B4A2D",
          25000000,
          "#063417"
        ]
      }
    },
    {
      "id": "county-population",
      "source": "population",
      "source-layer": "state_county_population_2014_cen",
      "type": "fill",
      "maxzoom": 4,
      "filter": ["==", "isState", true],
      "paint": {
        "fill-opacity": 0.75,
        "fill-color": [
          "interpolate",
          ["linear"],
          ["get", "population"],
          0,
          "#32E8CB",
          100,
          "#2DD2B4",
          1000,
          "#27BB9E",
          5000,
          "#22A587",
          10000,
          "#1C8E71",
          50000,
          "#16775A",
          100000,
          "#116144",
          500000,
          "#0B4A2D",
          1000000,
          "#063417"
        ]
      }
    },
    {
      "id": "overlay",
      "source": "overlay",
      "type": "raster",
      "paint": {"raster-opacity": 0.85}
    }
  ]
}
